"Index","year","month","qtr","days","washingtondc_supt","washingtondc_demt","washingtondc_rmrevt","washingtondc_demd","washingtondc_supd","washingtondc_occ","washingtondc_adr","washingtondc_revpar","washingtondc_demd_sa","washingtondc_demd_sf","washingtondc_demd_fct","washingtondc_occ_sa","washingtondc_occ_sf","washingtondc_occ_fct","washingtondc_adr_sa","washingtondc_adr_sf","washingtondc_adr_fct","washingtondc_revpar_sa","washingtondc_revpar_sf","washingtondc_revpar_fct","washingtondc_supd_sa","washingtondc_supd_sf","washingtondc_supd_fct","washingtondc_demar_sa"
1987-01-01,1987,1,1,90,5.434096,3.196383,224.633597,0.03551536667,0.06037884444,0.588208784,70.27743453,41.3378043,0.040969759144751,0.866867841339268,NA,0.677557761937754,0.868130832591712,NA,68.8779596116549,1.0203181819879,NA,47.1075069397345,0.877520526672835,NA,0.0604530582788072,0.998772372466833,NA,14.9539620878341
1987-04-01,1987,4,2,91,5.653595,4.422569,316.685669,0.04859965934,0.06212741758,0.782257838,71.60672202,56.01491953,0.0417000270702199,1.16545870001863,NA,0.67152674120676,1.16489454551616,NA,69.2712936784456,1.03371423020328,NA,46.4420516914748,1.20612499857069,NA,0.0620703697383762,1.00091908332211,NA,15.2205098806303
1987-07-01,1987,7,3,92,5.871337,4.18662,277.437862,0.04550673913,0.06381888043,0.713060756,66.26774391,47.25292757,0.0431574312288271,1.0544357677063,NA,0.677180429320961,1.0529848842723,NA,70.5599245617293,0.939169710308091,NA,47.6254235488232,0.992178631683111,NA,0.0637756491592802,1.00067786484794,NA,15.7524623985219
1987-10-01,1987,10,4,92,5.958934,3.693319,262.914815,0.04014477174,0.06477102174,0.619795252,71.18659802,44.12111545,0.0439862675128528,0.91266602078182,NA,0.678503560268568,0.913473839038766,NA,70.6450961988696,1.00766510133422,NA,47.7756569364365,0.923506201258546,NA,0.0648025577942403,0.999513351705338,NA,16.0549876421913
1988-01-01,1988,1,1,90,5.885661,3.327076,242.944788,0.03696751111,0.06539623333,0.565285021,73.0205105,41.27740079,0.0428672798758655,0.862371282177223,NA,0.654742133161744,0.863370466583911,NA,71.8698366256819,1.01601052581087,NA,47.4257195077255,0.870358978597594,NA,0.0654491976839203,0.999190756253788,NA,15.6465571546909
1988-04-01,1988,4,2,91,6.032389,4.748101,359.549029,0.05217693407,0.06628998901,0.787101263,75.7248064,59.60309075,0.0445420580196073,1.17140824626989,NA,0.672171176873821,1.17098335971605,NA,73.0422891004768,1.03672553711773,NA,49.0600420349239,1.21490093114007,NA,0.0662465382953754,1.00065589411526,NA,16.2578511771567
1988-07-01,1988,7,3,92,6.169028,4.365153,298.920384,0.04744731522,0.06705465217,0.707591698,68.47878734,48.45502144,0.044990788338015,1.05460066321864,NA,0.671652456330497,1.0535086879096,NA,72.8553670502827,0.939927833906017,NA,48.7887656589857,0.993159404332578,NA,0.0670205490861779,1.00050884518684,NA,16.4216377433755
1988-10-01,1988,10,4,92,6.205372,3.887956,292.515271,0.0422603913,0.06744969565,0.626546805,75.23626065,47.13903872,0.0463288862557747,0.912182327601981,NA,0.686439627080871,0.912748594751778,NA,74.6175866219099,1.00829126290595,NA,51.0779090285288,0.922885051807254,NA,0.0674817927000277,0.99952435984962,NA,16.9100434833578
1989-01-01,1989,1,1,90,6.082142,3.674611,284.576649,0.04082901111,0.06757935556,0.604163961,77.44402033,46.78888605,0.0474249666197597,0.86091807796842,NA,0.701248695275385,0.861554488543813,NA,76.4044417715697,1.01360625814842,NA,53.9149617039306,0.867827492986774,NA,0.0676060357693872,0.999605357582595,NA,17.3101128162123
1989-04-01,1989,4,2,91,6.306299,5.03592,398.305443,0.05533978022,0.06929998901,0.798553954,79.09288531,63.15993628,0.0471541578117836,1.17359280258783,NA,0.680616595453745,1.17328016879699,NA,76.2637400655289,1.03709685942546,NA,51.8981548710552,1.21699772249949,NA,0.0692686628114982,1.00045224199848,NA,17.211267601301
1989-07-01,1989,7,3,92,6.439826,4.551042,327.700878,0.04946784783,0.0699981087,0.706702635,72.0056809,50.88660439,0.0468961392301169,1.05483838631713,NA,0.670163869016249,1.05452213655951,NA,76.4651130969615,0.941680172612747,NA,51.1087042614165,0.995654363094777,NA,0.0699799338122406,1.00025971570376,NA,17.1170908189927
1989-10-01,1989,10,4,92,6.522616,3.943483,305.021433,0.04286394565,0.070898,0.604586105,77.34823074,46.76366553,0.047031813956534,0.911381935844833,NA,0.663440482148415,0.911289137862334,NA,76.7108540197101,1.00830882055004,NA,50.7844093631412,0.920827201033485,NA,0.0709342955840471,0.999488321075887,NA,17.1666120941349
1990-01-01,1990,1,1,90,6.463259,3.617979,281.448983,0.04019976667,0.07181398889,0.559776268,77.791768,43.54598555,0.0463483271531017,0.867340185487359,NA,0.644903262799309,0.868000365776099,NA,76.4778822337291,1.01717994442178,NA,49.6037087935242,0.877877614580404,NA,0.0718286069208804,0.999796487339696,NA,16.9171394108821
1990-04-01,1990,4,2,91,6.604651,4.946855,398.037006,0.05436104396,0.07257858242,0.74899567,80.46263859,60.26616789,0.0466578397885339,1.16509988902999,NA,0.643148332611465,1.16457686667514,NA,78.020415147144,1.0313023641088,NA,50.125578601813,1.20230368548444,NA,0.0725374066619737,1.00056764860947,NA,17.0301115228149
1990-07-01,1990,7,3,92,6.703634,4.490172,331.406141,0.04880621739,0.07286558696,0.669811628,73.80700361,49.43678921,0.046236548975327,1.05557656165135,NA,0.634335295984757,1.05592678231812,NA,78.2130506705617,0.943666088679749,NA,49.5044508336803,0.998633221406544,NA,0.0728678573137433,0.999968842863959,NA,16.8763403759944
1990-10-01,1990,10,4,92,6.795092,3.806321,301.229937,0.04137305435,0.07385969565,0.56015739,79.13939392,44.33051635,0.0453957704637689,0.91138566274628,NA,0.614914243549363,0.910952048803912,NA,78.452620211414,1.00875399326033,NA,48.1752886738776,0.920192023136494,NA,0.073894310583001,0.999531561594824,NA,16.5694562192756
1991-01-01,1991,1,1,90,6.647115,3.542249,274.037099,0.03935832222,0.07385683333,0.532900213,77.36246069,41.22647179,0.045644680531833,0.862276211847976,NA,0.617852686355025,0.862503675663862,NA,76.4350023312683,1.01213394819709,NA,47.359029311138,0.870509222626829,NA,0.0738297725488928,1.00036652938473,NA,16.660308394119
1991-04-01,1991,4,2,91,6.705181,4.976764,396.885005,0.05468971429,0.07368330769,0.742226645,79.74760407,59.19079664,0.0467061474806092,1.17093182032848,NA,0.634053211802965,1.17060623806232,NA,77.1113528788728,1.03418758837325,NA,48.9106529657021,1.21018209839698,NA,0.0736689087829681,1.00019545432761,NA,17.0477438304224
1991-07-01,1991,7,3,92,6.792584,4.537478,331.56426,0.04932041304,0.07383243478,0.668004695,73.07236751,48.81268454,0.0466594949527603,1.05702843740451,NA,0.63144022819911,1.0579064575996,NA,77.2546323630665,0.945863895469575,NA,48.6925900732245,1.002466380749,NA,0.0738454524217505,0.99982371776022,NA,17.0307156577575
1991-10-01,1991,10,4,92,6.815994,3.932343,306.825135,0.0427428587,0.0740868913,0.576928765,78.02603562,45.01546436,0.0469233858502439,0.910907384995915,NA,0.633902492529925,0.91012225349905,NA,77.4144210845259,1.00790052456514,NA,49.0283359653552,0.918151992590757,NA,0.0741186336648232,0.999571735699193,NA,17.127035835339
1992-01-01,1992,1,1,90,6.686056,3.706196,295.041996,0.04117995556,0.07428951111,0.554317224,79.60776926,44.12795765,0.0474425026646488,0.867997117502082,NA,0.638409670429158,0.86827823837219,NA,78.340752823308,1.01617314604507,NA,50.1283356749099,0.880299675939307,NA,0.0742762013772472,1.00017919242646,NA,17.3165134725968
1992-04-01,1992,4,2,91,6.763185,4.980034,400.19393,0.05472564835,0.07432071429,0.736344489,80.35967827,59.1724062,0.0470664119224205,1.16273253291974,NA,0.633493514975825,1.1623552121573,NA,78.0669261559905,1.02936905840802,NA,49.4453273092847,1.19672392559709,NA,0.0742889639855815,1.00042738924754,NA,17.1792403516835
1992-07-01,1992,7,3,92,6.828332,4.786437,365.076986,0.05202648913,0.074221,0.700967235,76.27322495,53.46503158,0.0491878821448658,1.05770947764683,NA,0.662262539825645,1.05844312919246,NA,80.5175095278697,0.947287433469354,NA,53.2479189922606,1.0040773910389,NA,0.0742336178303322,0.999830025388752,NA,17.953576982876
1992-10-01,1992,10,4,92,6.821934,3.97444,314.135423,0.04320043478,0.07415145652,0.582597252,79.03891441,46.04785432,0.0474081036767194,0.911245787736799,NA,0.639684606558097,0.910757029365983,NA,78.4883794293045,1.00701422280213,NA,50.169480041684,0.917845954985791,NA,0.0741783991136045,0.999636786531841,NA,17.3039578420026
1993-01-01,1993,1,1,90,6.68259,3.929356,330.653087,0.04365951111,0.074251,0.587998964,84.14943492,49.47978059,0.0503408464855681,0.867278048701792,NA,0.677914400560538,0.867364616408516,NA,82.8392414119326,1.01581609736806,NA,56.2268390374478,0.880002885402216,NA,0.0742526567170739,0.999977688110471,NA,18.3744089672324
1993-04-01,1993,4,2,91,6.768311,5.234031,434.77144,0.05751682418,0.07437704396,0.773314199,83.06627148,64.2363272,0.0494496457175682,1.16313925702335,NA,0.664999098810438,1.16288007063967,NA,80.668872040113,1.02971901526892,NA,53.6696180035446,1.19688437498768,NA,0.0743375193013266,1.00053169192414,NA,18.0491206869124
1993-07-01,1993,7,3,92,6.84838,4.897361,373.507628,0.05323218478,0.07443891304,0.715112333,76.26712182,54.53955943,0.0503187833539623,1.05789888450887,NA,0.6757031615166,1.05832320126333,NA,80.3782647126698,0.948852554762584,NA,54.2561694814536,1.00522318385641,NA,0.0744412533513387,0.999968561634398,NA,18.3663559241962
1993-10-01,1993,10,4,92,6.84342,4.236206,354.807579,0.04604571739,0.074385,0.619018853,83.75597858,51.84652981,0.0505775239296328,0.910398805881882,NA,0.680135131920903,0.910140976325849,NA,83.3914263527652,1.00437157922797,NA,56.6482139596665,0.915236795407437,NA,0.0744145944062801,0.999602303734688,NA,18.460796234316
1994-01-01,1994,1,1,90,6.69465,3.814866,314.454717,0.0423874,0.074385,0.569838005,82.42877129,46.97104658,0.0490691389855639,0.863830115553287,NA,0.65946403137411,0.864092623539516,NA,81.3218265524448,1.01361190204995,NA,53.6558302599746,0.875413656864775,NA,0.0743940229440687,0.999878714126328,NA,17.9102357297308
1994-04-01,1994,4,2,91,6.765122,5.261894,455.108856,0.05782301099,0.074342,0.777797355,86.4914527,67.27282317,0.0494324618005392,1.16973763563136,NA,0.665169284252688,1.16932241673463,NA,83.6735010478594,1.03367794602653,NA,55.7367486161192,1.20697430044465,NA,0.0742977628389222,1.00059540367553,NA,18.0428485571968
1994-07-01,1994,7,3,92,6.823548,4.835385,384.751134,0.05255853261,0.074169,0.708632078,79.56990684,56.38578845,0.049768630218586,1.05605744781724,NA,0.67094674787738,1.05616739367445,NA,83.8343779235471,0.94913219148073,NA,56.2287100610363,1.00279356202184,NA,0.0741672145338562,1.00002407352299,NA,18.1655500297839
1994-10-01,1994,10,4,92,6.814744,4.135641,343.883081,0.04495261957,0.07407330435,0.60686667,83.1510958,50.46162864,0.0493720714332074,0.910486804889557,NA,0.666440622251021,0.910608762038245,NA,82.8694305158441,1.00339890454662,NA,55.1096014980251,0.915659472547781,NA,0.0741095701767618,0.999510645835953,NA,18.0208060731207
1995-01-01,1995,1,1,90,6.644357,3.901335,340.722986,0.04334816667,0.07382618889,0.587165169,87.33497277,51.28005404,0.049909709204316,0.868531741840952,NA,0.675627911467214,0.869065885281285,NA,86.0169517497373,1.01532280548719,NA,58.2304209175757,0.880640277572201,NA,0.0738606560785853,0.999533348464321,NA,18.2170438595753
1995-04-01,1995,4,2,91,6.738579,5.364739,477.186904,0.05895317582,0.07405031868,0.796123189,88.94876414,70.81417373,0.0505525499118589,1.16617610630498,NA,0.683193959834866,1.16529600055661,NA,86.1406405747232,1.03259928817038,NA,58.9035097802652,1.2022063539875,NA,0.0739761943640394,1.00100200228733,NA,18.4516807178285
1995-07-01,1995,7,3,92,6.822778,4.827052,397.873477,0.05246795652,0.07416063043,0.707490702,82.42576981,58.31546578,0.0498142409411929,1.05327222755316,NA,0.67168383870426,1.05330910352825,NA,86.7505594929609,0.950146838150227,NA,58.2899844620688,1.00043714744765,NA,0.0741581730195913,1.00003313741842,NA,18.1821979435354
1995-10-01,1995,10,4,92,6.833047,4.19519,373.133355,0.0455998913,0.07427225,0.61395597,88.94313607,54.60716939,0.0501418590947271,0.90941764272947,NA,0.674822617859509,0.909803485762564,NA,88.8198557088879,1.00138798200164,NA,59.766074591095,0.913681712637296,NA,0.074320471647714,0.999351166015972,NA,18.3017785695754
1996-01-01,1996,1,1,90,6.709825,3.868328,346.871876,0.04298142222,0.07455361111,0.576516973,89.66971674,51.69611368,0.049373025845365,0.870544623994014,NA,0.661804850043162,0.871128359005529,NA,88.4901638670568,1.01332976255661,NA,58.7131646605605,0.880485900885631,NA,0.0745827722563144,0.999609009622031,NA,18.0211544335582
1996-04-01,1996,4,2,91,6.820694,5.385558,502.111455,0.05918195604,0.07495268132,0.789590913,93.23294912,73.61588938,0.0506258154953081,1.16900746113383,NA,0.676135658136555,1.16779954362432,NA,90.0396156527808,1.03546587181729,NA,60.9512922816248,1.20778225734507,NA,0.0748665297832556,1.00115073500794,NA,18.4784226557875
1996-07-01,1996,7,3,92,6.909136,4.962753,432.35234,0.05394296739,0.07509930435,0.71828851,87.11945567,62.57690397,0.0514325545010504,1.0488098036993,NA,0.684789921521267,1.04891805125332,NA,91.6016588707186,0.951068536793154,NA,62.7916117551777,0.996580629495308,NA,0.075104714105304,0.999927970496014,NA,18.7728823928834
1996-10-01,1996,10,4,92,6.92928,4.252853,391.359249,0.04622666304,0.07531826087,0.613751068,92.02275484,56.47906406,0.0508414765307671,0.909231324389754,NA,0.674420146730073,0.910042606194036,NA,91.9814646515971,1.00044889683546,NA,61.8406147432915,0.913300495062218,NA,0.0753873699653302,0.999083280191868,NA,18.55713893373
1997-01-01,1997,1,1,90,6.787047,4.080503,395.465906,0.04533892222,0.07541163333,0.601219205,96.91596992,58.26774236,0.052016052548734,0.87163327469961,NA,0.689608884542746,0.871826361980018,NA,96.1418887696449,1.00805144521562,NA,66.4603828332097,0.876728960563315,NA,0.0754030760688156,1.00011348689776,NA,18.9858591802879
1997-04-01,1997,4,2,91,6.888047,5.585441,552.282772,0.06137847253,0.07569282418,0.810888921,98.87899129,80.17987856,0.0523191473668985,1.1731550611781,NA,0.692084353474498,1.17166197578238,NA,95.0388415009314,1.04040610900156,NA,65.8910221020404,1.2168558932935,NA,0.0756146417454401,1.00103395893646,NA,19.096488788918
1997-07-01,1997,7,3,92,6.968637,5.053163,462.767205,0.05492568478,0.07574605435,0.725129319,91.57971057,66.40713313,0.0525510495242224,1.04518720895732,NA,0.693471343952977,1.04565145383883,NA,96.0700953535875,0.953259286700398,NA,66.7205791565168,0.995302108727481,NA,0.0757682959716392,0.999706452133389,NA,19.1811330763412
1997-10-01,1997,10,4,92,6.977937,4.508238,442.283787,0.04900258696,0.0758471413,0.646070321,98.10568719,63.38317285,0.0539683936790194,0.907986760759383,NA,0.710401112132451,0.909444411004164,NA,98.3122103159214,0.997899313571959,NA,69.704825231057,0.909308252906423,NA,0.0759280919189805,0.998933851530645,NA,19.6984636928421
1998-01-01,1998,1,1,90,6.925406,4.197984,424.117576,0.04664426667,0.07694895556,0.606171537,101.0288691,61.24082487,0.0526878899980992,0.885293881984698,NA,0.685174314445505,0.884696819802067,NA,99.9452683451919,1.01084194152209,NA,68.6413908433134,0.892185081298737,NA,0.0769303258221846,1.00024216377113,NA,19.2310798493062
1998-04-01,1998,4,2,91,7.030023,5.661905,591.350336,0.06221873626,0.077253,0.805389257,104.4437051,84.11783802,0.0535585981425691,1.16169463760755,NA,0.69439801337318,1.1598380777152,NA,100.606479159262,1.03814094253973,NA,69.9127820251592,1.20318253091014,NA,0.0771584396588297,1.00122553464778,NA,19.5488883220377
1998-07-01,1998,7,3,92,7.169975,5.13129,496.510648,0.0557748913,0.07793451087,0.715663583,96.76136956,69.24858845,0.0535285418396961,1.04196545213264,NA,0.686246181005995,1.04286712670791,NA,101.356392100312,0.95466469903778,NA,69.6891553967442,0.993678113269762,NA,0.0779773783749659,0.999450257166126,NA,19.5379177714891
1998-10-01,1998,10,4,92,7.214506,4.563054,466.726225,0.04959841304,0.07841854348,0.632483222,102.2837391,64.69274889,0.0546505317609695,0.907555909189202,NA,0.695019642124458,0.910022082349638,NA,102.657397381001,0.996360142663518,NA,71.3560768915744,0.906618633032484,NA,0.0784981088888655,0.998986403494406,NA,19.9474440927539
1999-01-01,1999,1,1,90,7.140816,4.424962,460.955525,0.04916624444,0.0793424,0.619671757,104.1716347,64.55221994,0.0552592075418821,0.889738500189961,NA,0.698185330827794,0.887546228256177,NA,103.547886667595,1.00602376400406,NA,72.3005709482166,0.892831399439899,NA,0.0792838055763297,1.00073904655868,NA,20.169610752787
1999-04-01,1999,4,2,91,7.282228,5.831278,638.278636,0.06407997802,0.08002448352,0.800754659,109.4577614,87.64881242,0.0551782544358878,1.16132666165537,NA,0.690412290854395,1.1598209788662,NA,104.880462601966,1.04364300732926,NA,72.4958166203929,1.20901889937942,NA,0.0799632476243699,1.00076580050773,NA,20.140062869099
1999-07-01,1999,7,3,92,7.377604,5.351917,547.20936,0.05817301087,0.08019134783,0.725427524,102.245487,74.17169043,0.0559294505119547,1.04011411407601,NA,0.696644393977292,1.04131681855412,NA,106.980221959368,0.955741959844072,NA,74.7051650707765,0.992858932307142,NA,0.0802475759340928,0.999299317101628,NA,20.4142494368635
1999-10-01,1999,10,4,92,7.415476,4.735699,505.716054,0.05147498913,0.080603,0.638623738,106.7880484,68.19738261,0.0567971472895644,0.906295326199556,NA,0.702129373043123,0.909552801119997,NA,107.430933834131,0.994015825692037,NA,75.6426235135039,0.901573470648136,NA,0.0806573452172394,0.999326221101215,NA,20.730958760691
2000-01-01,2000,1,1,90,7.34193,4.675862,507.049426,0.05195402222,0.081577,0.636870959,108.4397756,69.06214388,0.0576403631201698,0.901347934114939,NA,0.709298790598813,0.897888121961033,NA,107.638000339264,1.00744881229871,NA,76.2169616767375,0.906125649208065,NA,0.0815257241639478,1.00062895284376,NA,21.038732538862
2000-04-01,2000,4,2,91,7.484569,6.186522,714.267468,0.06798375824,0.08224801099,0.826570241,115.4554155,95.43201058,0.0590675865377491,1.15094863739782,NA,0.718890480443258,1.14978604319583,NA,110.654615449983,1.04338544786852,NA,79.5979653088868,1.19892525153963,NA,0.0822006653936575,1.00057597582837,NA,21.5596690862784
2000-07-01,2000,7,3,92,7.623373,5.76662,623.944136,0.06268065217,0.08286275,0.75643944,108.1992807,81.84620325,0.0602946294976219,1.03957272301461,NA,0.726705942722783,1.0409154453393,NA,113.117293747302,0.95652288978652,NA,82.4272241026017,0.99295110494224,NA,0.0829212447260937,0.999294574915187,NA,22.007539766632
2000-10-01,2000,10,4,92,7.716669,5.041422,578.487259,0.05479806522,0.08387683696,0.653315828,114.7468431,74.96592882,0.0605166118206366,0.905504514734142,NA,0.718632678515252,0.909109545852825,NA,115.68656400846,0.991877009084724,NA,83.530528679192,0.897467429039205,NA,0.0838974732008792,0.999754030245586,NA,22.0885633145324
2001-01-01,2001,1,1,90,7.620081,4.927746,594.836569,0.05475273333,0.08466756667,0.646678953,120.7116944,78.06171207,0.0603455754225929,0.907319765311262,NA,0.716002566251312,0.903179658120135,NA,119.888667092036,1.00686493000487,NA,85.5715356349407,0.912239233417774,NA,0.0846273624783321,1.00047507319726,NA,22.0261350292464
2001-04-01,2001,4,2,91,7.743964,5.992811,716.41106,0.06585506593,0.08509850549,0.773868654,119.5450783,92.51218885,0.0574678790768352,1.14594564803672,NA,0.675710070467404,1.14526730889877,NA,114.333839702606,1.04557914446807,NA,77.3060859081659,1.19669994623577,NA,0.0850779049388527,1.0002421374993,NA,20.9757758630448
2001-07-01,2001,7,3,92,7.868065,5.095387,527.946713,0.0553846413,0.08552244565,0.647603572,103.612682,67.099943,0.0532496108741594,1.04009476108447,NA,0.621893802726102,1.04134109258075,NA,108.323668384487,0.956510091887165,NA,67.5606232646516,0.993181231279543,NA,0.08557375367583,0.999400423335123,NA,19.4361079690682
2001-10-01,2001,10,4,92,7.90573,4.292765,449.451659,0.04666048913,0.08593184783,0.542994132,104.6998051,56.85137982,0.0515892130965828,0.904462121619195,NA,0.598131298716142,0.907817619919754,NA,105.789484651766,0.989699547593481,NA,63.6241606610464,0.893550173854113,NA,0.0859137588803261,1.00021054776219,NA,18.8300627802527
2002-01-01,2002,1,1,90,7.737108,4.532693,492.160466,0.05036325556,0.08596786667,0.585838145,108.5801456,63.61039112,0.0555386205203804,0.906815025078247,NA,0.648885042350495,0.902838109625526,NA,108.133750721859,1.0041281734441,NA,69.8406456826862,0.910793285173898,NA,0.0859359229907709,1.00037171508861,NA,20.2715964899388
2002-04-01,2002,4,2,91,7.820421,5.945943,696.101382,0.06534003297,0.08593869231,0.760309835,117.0716541,89.01072998,0.0569081058043025,1.14816741914928,NA,0.662389209033995,1.14782944019998,NA,111.417987363845,1.05074285463165,NA,73.9451556538744,1.20373984195321,NA,0.085953816028156,0.999824048322054,NA,20.7714586185704
2002-07-01,2002,7,3,92,7.991975,5.428067,578.537094,0.05900072826,0.08686929348,0.679189687,106.5825263,72.38975272,0.0567076480840944,1.04043687674201,NA,0.652153868828279,1.04145619533055,NA,111.529371248033,0.955645361462392,NA,72.9266488546012,0.992637860877556,NA,0.0869085562972712,0.999548228403002,NA,20.6982915506945
2002-10-01,2002,10,4,92,8.014104,4.670464,515.980037,0.05076591304,0.08710982609,0.582780558,110.4772539,64.38399564,0.0560658155076749,0.905469983452763,NA,0.641713418230867,0.908163272643826,NA,111.801450289542,0.988155821001313,NA,72.0769388486868,0.893267620246236,NA,0.0870593921188344,1.00057930534475,NA,20.4640226603013
2003-01-01,2003,1,1,90,7.840542,4.621967,512.13893,0.05135518889,0.08711713333,0.589495854,110.805406,65.31932741,0.0561856106829271,0.914027422070988,NA,0.646809058045901,0.911390845052398,NA,109.718685669698,1.00990460579863,NA,70.814231959869,0.922403951892283,NA,0.0871487158438251,0.999637602074577,NA,20.5077478992684
2003-04-01,2003,4,2,91,7.940324,5.849816,670.491785,0.06428369231,0.08725630769,0.736722582,114.6175854,84.44136348,0.0564278312993663,1.13921961609611,NA,0.647242369740555,1.13824838490613,NA,109.36703748906,1.04800850449538,NA,70.8212946497422,1.19231601028501,NA,0.0872507729493462,1.000063434861,NA,20.5961584242687
2003-07-01,2003,7,3,92,8.053839,5.667963,604.808162,0.06160829348,0.08754172826,0.703759164,106.7064414,75.09563601,0.0592721781494413,1.03941335384485,NA,0.676446329319087,1.0403769427035,NA,112.022577004359,0.952544069717728,NA,76.0000108557362,0.988100332676888,NA,0.0875556992377838,0.999840433256711,NA,21.6343450245461
2003-10-01,2003,10,4,92,8.079256,5.041928,558.453662,0.05480356522,0.087818,0.624058453,110.7619272,69.12191692,0.0603920231481429,0.907463641109783,NA,0.686392501822661,0.909185999763782,NA,112.066214113219,0.988361461805954,NA,77.1227343776398,0.896258638620579,NA,0.0877627277246405,1.00062979213149,NA,22.0430884490722
2004-01-01,2004,1,1,90,7.93273,5.077852,589.080178,0.05642057778,0.08814144444,0.640114059,116.0097179,74.25945141,0.0617284321939795,0.914012810218479,NA,0.700918584126059,0.913250231192153,NA,114.619165597024,1.01213193531581,NA,80.3321435830586,0.924405201925431,NA,0.088206369604661,0.999263940178561,NA,22.5308777508025
2004-04-01,2004,4,2,91,8.067146,6.474509,790.541398,0.07114845055,0.08864995604,0.802577392,122.1005945,97.99517673,0.0624878455918737,1.13859663229056,NA,0.706094883642301,1.13664241250412,NA,116.427557617024,1.04872589444534,NA,82.2108743575266,1.19199774355676,NA,0.088629966314379,1.000225541388,NA,22.8080636410339
2004-07-01,2004,7,3,92,8.180968,5.994128,681.939408,0.06515356522,0.08892356522,0.732691779,113.7679089,83.35681157,0.0627678744506774,1.03800814971355,NA,0.705190800036115,1.0389979264654,NA,119.931691092046,0.948605892771787,NA,84.8697945558261,0.982172892090238,NA,0.0889224908926478,1.00001208161559,NA,22.9102741744972
2004-10-01,2004,10,4,92,8.210636,5.287094,643.749198,0.05746841304,0.08924604348,0.643932334,121.7586065,78.40430364,0.0631247373159682,0.910394490076755,NA,0.706725828245456,0.911148720287541,NA,123.008214040281,0.989841267511845,NA,86.9068433376642,0.902164900126118,NA,0.089195231277209,1.0005696739844,NA,23.0405291203284
2005-01-01,2005,1,1,90,8.063214,5.26441,686.205531,0.05849344444,0.08959126667,0.652892259,130.3480411,85.10322695,0.0646114236162105,0.905311184403689,NA,0.720058545577522,0.906721075681907,NA,129.113856032062,1.00955888938544,NA,93.1325324803649,0.913786242932268,NA,0.0896580563373836,0.99925506228763,NA,23.5831696199168
2005-04-01,2005,4,2,91,8.193296,6.608702,888.451945,0.0726230989,0.09003621978,0.806598712,134.4366783,108.4364516,0.0632509098872101,1.14817476980968,NA,0.704602321229336,1.14475738682312,NA,127.471419408589,1.0546417300735,NA,89.839097810584,1.20700735250733,NA,0.0900210997849852,1.00016796056759,NA,23.0865821088317
2005-07-01,2005,7,3,92,8.296072,6.106254,768.969238,0.06637232609,0.09017469565,0.736041587,125.9314201,92.69076233,0.0640119081247796,1.03687466964145,NA,0.709145797007336,1.03792702446544,NA,133.50330424432,0.943283170501435,NA,95.069272136097,0.974981297819426,NA,0.0901589636303343,1.00017449201979,NA,23.3643464655446
2005-10-01,2005,10,4,92,8.35306,5.436194,732.646115,0.05908906522,0.09079413043,0.6508027,134.7718854,87.70990691,0.0648354873952751,0.911369183665705,NA,0.713763122166028,0.911790872614762,NA,135.833948742096,0.992181164193992,NA,96.7077297269803,0.906958597390483,NA,0.0907616447748239,1.00035792272448,NA,23.6649528992754
2006-01-01,2006,1,1,90,8.179841,5.108054,716.291841,0.05675615556,0.09088712222,0.624468617,140.2279304,87.56794185,0.0624855779536615,0.908308083540328,NA,0.685301176137585,0.91123237307071,NA,138.196059003308,1.01470281722465,NA,95.128331001686,0.920524316236011,NA,0.0909835081780304,0.998940621658138,NA,22.8072359530864
2006-04-01,2006,4,2,91,8.336255,6.588273,977.781935,0.0723986044,0.0916071978,0.790315675,148.41248,117.2927094,0.0633116192281332,1.14352792240431,NA,0.693808224402937,1.13909816459745,NA,141.050787718401,1.05219178425502,NA,97.7769314573973,1.19959491110749,NA,0.0915567399464138,1.00055111020353,NA,23.1087410182686
2006-07-01,2006,7,3,92,8.471753,5.836042,772.906139,0.06343523913,0.09208427174,0.688882454,132.4366992,91.23331842,0.0611590043125136,1.03721831058359,NA,0.663660831578693,1.03800378328989,NA,141.146405629318,0.938293105017557,NA,94.0719929650507,0.969824445559421,NA,0.0920663796493086,1.00019433902755,NA,22.3230365740675
2006-10-01,2006,10,4,92,8.466389,5.295735,761.430244,0.05756233696,0.09202596739,0.625501025,143.7817874,89.93565545,0.0631690365409457,0.911242914440978,NA,0.686108161292447,0.911665332506352,NA,144.508778212855,0.994969227324144,NA,98.7914101963883,0.910359061291019,NA,0.0919907801124629,1.00038250874157,NA,23.0566983374452
2007-01-01,2007,1,1,90,8.299137,5.203423,774.033396,0.05781581111,0.09221263333,0.626983625,148.7546555,93.26673316,0.0639886975270642,0.903531613306344,NA,0.691038982045132,0.907305725567666,NA,146.764947927839,1.0135571033837,NA,101.980991370141,0.914550171624505,NA,0.0923239282935541,0.998794516593788,NA,23.3558745973784
2007-04-01,2007,4,2,91,8.422602,6.614084,1026.822121,0.07268224176,0.09255606593,0.785277994,155.2478198,121.9126965,0.0633217282279017,1.14782466925743,NA,0.687018879093216,1.14302243780618,NA,147.092556758301,1.05544307082173,NA,100.9509801021,1.20764252488386,NA,0.0925027691298499,1.00057616437488,NA,23.1124308031841
2007-07-01,2007,7,3,92,8.54009,5.966019,832.392016,0.06484803261,0.09282706522,0.69858971,139.5221866,97.46876391,0.062362816492303,1.03985092812483,NA,0.671643604370926,1.04011964895328,NA,149.355898009055,0.934159202682047,NA,100.747317782475,0.967457655998802,NA,0.0927922706372565,1.00037497285609,NA,22.7624280196906
2007-10-01,2007,10,4,92,8.612636,5.334838,831.235637,0.05798736957,0.0936156087,0.619419885,155.8127233,96.51349912,0.0638264219633797,0.908516689268124,NA,0.681275510317351,0.909206151724818,NA,156.232311595809,0.997314330873534,NA,106.055214787691,0.910030678955367,NA,0.0935904919140879,1.00026836899132,NA,23.2966440166336
2008-01-01,2008,1,1,90,8.442442,5.139241,782.074916,0.05710267778,0.09380491111,0.60873868,152.1771242,92.63610173,0.0637464463181941,0.895778213188053,NA,0.676827080091773,0.899400597147295,NA,150.861885756143,1.00871816255819,NA,102.575139268508,0.903104810684283,NA,0.0939070852432655,0.998911965662646,NA,23.2674529061408
2008-04-01,2008,4,2,91,8.823062,6.847579,1110.888357,0.07524812088,0.09695672527,0.776100066,162.2308201,125.9073502,0.0651148459789666,1.15562157521353,NA,0.673912460839688,1.15163335165666,NA,152.881580545908,1.06115347264665,NA,103.046529628592,1.22184949511453,NA,0.0969141001441249,1.00043982378015,NA,23.7669187823228
2008-07-01,2008,7,3,92,8.955841,6.242517,890.095557,0.06785344565,0.09734609783,0.697033031,142.5860045,99.38715493,0.0649630109728661,1.04449354538602,NA,0.667644039472843,1.04401895289946,NA,152.948966221651,0.932245624291223,NA,102.519808208381,0.969443434072624,NA,0.0973043809164149,1.0004287259545,NA,23.7114990050961
2008-10-01,2008,10,4,92,8.970282,5.304489,826.036889,0.05765748913,0.09750306522,0.591340272,155.7241214,92.08594434,0.0636669836630215,0.905610503478086,NA,0.652535977928977,0.906218648474832,NA,155.871879078825,0.999052056857863,NA,101.373252525435,0.908385023129202,NA,0.0974792085370717,1.00024473611641,NA,23.2384490370028
2009-01-01,2009,1,1,90,8.874495,5.228587,847.083947,0.05809541111,0.0986055,0.589170088,162.0101085,95.45150986,0.0646858143277889,0.898116715600228,NA,0.653260641374673,0.901891298334145,NA,160.439168812632,1.00979149729455,NA,105.360293897818,0.905953337151587,NA,0.0987478415885678,0.998558534685134,NA,23.610322229643
2009-04-01,2009,4,2,91,9.090525,6.738011,1001.982906,0.07404407692,0.09989587912,0.741212526,148.706036,110.2227766,0.0644308874722454,1.14920156814378,NA,0.646852569775966,1.14587552192413,NA,140.326298637454,1.05971608632104,NA,90.7616673046891,1.21441991837787,NA,0.0998212222152103,1.00074790613792,NA,23.5172739273696
2009-07-01,2009,7,3,92,9.297384,6.25741,817.850133,0.06801532609,0.1010585217,0.673029102,130.7010621,87.96561839,0.0647612606502215,1.05024709845217,NA,0.641539861664038,1.04908384064286,NA,140.293856646687,0.931623559463153,NA,90.263561303188,0.974541854099138,NA,0.100997422848366,1.00060495456132,NA,23.6378601373308
2009-10-01,2009,10,4,92,9.400339,5.455917,770.430648,0.05930344565,0.1021775978,0.580395771,141.2101115,81.95775152,0.0657645149722806,0.9017544746585,NA,0.643082368349612,0.902521666842633,NA,141.295115268375,0.999398395562272,NA,90.6907888719523,0.903705354638798,NA,0.10217879948809,0.999988239359869,NA,24.0040479648824
2010-01-01,2010,1,1,90,9.221595,5.42831,768.872535,0.06031455556,0.1024621667,0.588651963,141.6412355,83.37739133,0.0675101728324167,0.893414326011597,NA,0.656615765553066,0.896493800303713,NA,140.942992092702,1.00495408389542,NA,92.8689926787852,0.897795797337711,NA,0.102588501903534,0.998768524725584,NA,24.6412130838321
2010-04-01,2010,4,2,91,9.398879,7.252188,1103.286038,0.07969437363,0.1032843846,0.771601379,152.1314723,117.3848539,0.0691336533584832,1.15275802389258,NA,0.670626291098814,1.15056834073078,NA,142.887550372131,1.06469368327608,NA,95.9535970594885,1.22335021820208,NA,0.103215883556263,1.00066366765828,NA,25.2337834758464
2010-07-01,2010,7,3,92,9.543314,6.854784,927.542601,0.07450852174,0.1037316739,0.718281301,135.313177,97.19292491,0.0706289844980684,1.05492840183817,NA,0.681862117667704,1.05341136043291,NA,145.270700685045,0.931455388883728,NA,99.2373864260093,0.979398273275429,NA,0.103663747257654,1.00065525937604,NA,25.779579341795
2010-10-01,2010,10,4,92,9.556455,5.735056,826.750171,0.06233756522,0.1038745109,0.600123791,144.157297,86.51222352,0.0692817386254827,0.899769065510597,NA,0.666536449875664,0.900361549787633,NA,144.191806210978,0.999760671484149,NA,96.0712913209358,0.900500267358718,NA,0.103888401057021,0.999866297325983,NA,25.2878345983012
2011-01-01,2011,1,1,90,9.363956,5.542691,807.796383,0.06158545556,0.1040439556,0.591917668,145.7408293,86.26657184,0.0688008976636278,0.895125756368695,NA,0.659124669146334,0.898035979698078,NA,145.088039927208,1.00449926384779,NA,95.9233364377683,0.899328307830147,NA,0.104186237554761,0.998634349813367,NA,25.1123276472241
2011-04-01,2011,4,2,91,9.533057,7.292246,1124.495808,0.08013457143,0.1047588681,0.764943082,154.2043162,117.9575249,0.0697805881565458,1.14837913446969,NA,0.667266335141371,1.14638344797949,NA,144.7798470306,1.06509517286207,NA,96.7136431130087,1.21965754885449,NA,0.104674218468411,1.00080869609373,NA,25.4699146771392
2011-07-01,2011,7,3,92,9.642489,6.892247,929.62923,0.07491572826,0.104809663,0.714778829,134.8804287,96.40967493,0.0708300595977001,1.05768269412034,NA,0.676652033236701,1.05634623689952,NA,144.871381818171,0.931035702201619,NA,98.2137398231534,0.981631237173109,NA,0.104723498762271,1.00082277844751,NA,25.8529717531605
2011-10-01,2011,10,4,92,9.642735,5.974843,861.623893,0.06494394565,0.104812337,0.619621197,144.2086249,89.35472073,0.0723034254238787,0.898213954169754,NA,0.689371190178558,0.898820846922118,NA,144.302148831769,0.999351888156027,NA,99.5213710183702,0.897844551533624,NA,0.104851748011376,0.999624126329566,NA,26.3907502797157
2012-01-01,2012,1,1,90,9.435354,5.617303,802.398386,0.06241447778,0.1048372667,0.59534629,142.8440634,85.04168323,0.0698340578170053,0.893754132740678,NA,0.664289389367759,0.896215263300568,NA,142.457541810808,1.00271324062088,NA,94.8105067565612,0.896964757802171,NA,0.104961724942508,0.998814251170354,NA,25.4894311032069
2012-04-01,2012,4,2,91,9.531058,7.410763,1141.77826,0.08143695604,0.1047369011,0.777538338,154.0702705,119.7955421,0.0708180901403791,1.14994566894662,NA,0.677328866490546,1.14794803007389,NA,144.302534596851,1.06768928855226,NA,97.8934153404678,1.22373442262034,NA,0.104659232873673,1.00074210582473,NA,25.8486029012384
2012-07-01,2012,7,3,92,9.637863,6.925131,929.217761,0.07527316304,0.1047593804,0.71853387,134.1805319,96.41325686,0.0711452416649376,1.05802104650235,NA,0.67965477606,1.05720417969456,NA,144.242506742539,0.930242651283791,NA,98.3125520623088,0.980681050766487,NA,0.104674576805826,1.00081016419422,NA,25.9680132077022
2012-10-01,2012,10,4,92,9.642129,5.860905,838.079321,0.06370548913,0.10480575,0.607843454,142.9948653,86.9184929,0.0709514164436411,0.897874803959738,NA,0.676656084217726,0.89830486738728,NA,143.092422866202,0.999318219901183,NA,96.7838756247469,0.898067909958502,NA,0.104852306988402,0.999555975545609,NA,25.897267001929
2013-01-01,2013,1,1,90,9.466502,5.678583,840.794037,0.06309536667,0.1051833556,0.599860751,148.064057,88.81781644,0.0710507563731491,0.88803230100228,NA,0.673681630643699,0.890421712147379,NA,148.301220540334,0.998400798459581,NA,99.9778930596014,0.888374556833795,NA,0.105261330949279,0.99925922132491,NA,25.9335260761994
2013-04-01,2013,4,2,91,9.62079,7.286889,1127.079917,0.0800757033,0.105722967,0.75741067,154.6723049,117.1504541,0.06914537060672,1.15807757767977,NA,0.655441921166064,1.15557251610109,NA,144.131285845276,1.07313484364553,NA,94.7704665437875,1.23614938674879,NA,0.105685907488317,1.00035065707968,NA,25.2380602714528
2013-07-01,2013,7,3,92,9.758722,6.739805,893.748425,0.07325875,0.1060730652,0.690644226,132.6074605,91.58457685,0.0692911724296246,1.05725949541993,NA,0.653367743135853,1.0570528362561,NA,142.693755096313,0.929315094486754,NA,93.5429438352167,0.979064514062477,NA,0.105990784347247,1.00077630195172,NA,25.291277936813
2013-10-01,2013,10,4,92,9.742358,5.760647,820.864136,0.06261572826,0.1058951957,0.591299047,142.4951288,84.25723382,0.0698021040081981,0.897046430758676,NA,0.658774114023996,0.89757480509998,NA,142.689933415006,0.998634769739227,NA,93.8505612064963,0.897780820240506,NA,0.105945065556024,0.999529285712721,NA,25.4777679629923
2014-01-01,2014,1,1,90,9.512845,5.669815,807.18169,0.06299794444,0.1056982778,0.596016754,142.3647315,84.85176517,0.070488737811841,0.893730635497595,NA,0.665087668077567,0.896147654823888,NA,141.912512717741,1.00318660260184,NA,94.5285019238037,0.897631544382203,NA,0.105776308384506,0.999262305655233,NA,25.728389301322
2014-04-01,2014,4,2,91,9.700601,7.603432,1165.512182,0.0835541978,0.106600011,0.783810405,153.2876446,120.1484508,0.0724909993101608,1.15261478797532,NA,0.681913500995023,1.14942790230182,NA,143.347796859715,1.06934077787057,NA,98.0526528145799,1.22534625378473,NA,0.106554289770959,1.00042908858141,NA,26.4592147482087
2014-07-01,2014,7,3,92,NA,NA,NA,NA,NA,NA,NA,NA,NA,1.05600671886022,0.0761421212400544,NA,1.05634633885653,0.7182374209288,NA,0.92858583148521,132.76407545692,NA,0.977319671606443,94.8291159867552,NA,1.00063871024598,0.106986232118082,NA
2014-10-01,2014,10,4,92,NA,NA,NA,NA,NA,NA,NA,NA,NA,0.89650550270442,0.0648079691804222,NA,0.897061405237103,0.608267104092271,NA,0.998244923759785,143.052089292974,NA,0.898206377853574,88.4573546115127,NA,0.999649353810436,0.107384309121105,NA
2015-01-01,2015,1,1,90,NA,NA,NA,NA,NA,NA,NA,NA,NA,0.89068318009397,0.0645039517560353,NA,0.893033802666848,0.60426741239526,NA,1.0020512719691,144.174631907075,NA,0.894141385606383,88.2716387973269,NA,0.999577873412372,0.107787109564498,NA
2015-04-01,2015,4,2,91,NA,NA,NA,NA,NA,NA,NA,NA,NA,1.15829137820164,0.0834063058301099,NA,1.15471476550453,0.774754519866541,NA,1.07135270241927,153.841844645945,NA,1.2311929586368,121.596123653194,NA,1.00014521647686,0.108181657930764,NA
2015-07-01,2015,7,3,92,NA,NA,NA,NA,NA,NA,NA,NA,NA,1.05488354868577,0.0760623247988089,NA,1.0556061188045,0.706942724053822,NA,0.928488376832435,133.777838523624,NA,0.976388474192003,97.2603186869932,NA,1.0004688707454,0.108587449243649,NA
2015-10-01,2015,10,4,92,NA,NA,NA,NA,NA,NA,NA,NA,NA,0.895895488310013,0.06479490395806,NA,0.896499723955785,0.6014495607551,NA,0.997471306510167,143.749265184651,NA,0.898378222943993,89.9312271827823,NA,0.999794717627979,0.108991484094723,NA
2016-01-01,2016,1,1,90,NA,NA,NA,NA,NA,NA,NA,NA,NA,0.88782048491367,0.0644694498624141,NA,0.890067124110874,0.598696428283722,NA,1.00133927462977,144.775616015207,NA,0.891103447833151,89.7091857248872,NA,0.999842456815128,0.10941425820912,NA
2016-04-01,2016,4,2,91,NA,NA,NA,NA,NA,NA,NA,NA,NA,1.16317961170433,0.0852101088897238,NA,1.15941485409005,0.785440340673131,NA,1.07271051300753,155.001429721115,NA,1.23568725151678,124.472986885341,NA,0.99994935171679,0.109786772091879,NA
2016-07-01,2016,7,3,92,NA,NA,NA,NA,NA,NA,NA,NA,NA,1.05429033776691,0.0772192685576291,NA,1.05525280428191,0.71440782230418,NA,0.92876642510925,134.557542784812,NA,0.976432693702757,99.19975762654,NA,1.00026503702332,0.110212631100307,NA
2016-10-01,2016,10,4,92,NA,NA,NA,NA,NA,NA,NA,NA,NA,0.895606050276843,0.065681871780101,NA,0.896189203348076,0.606005528490225,NA,0.997036770784245,144.569267690825,NA,0.898873524492485,91.6786848777064,NA,0.999909336154365,0.110622712967993,NA
2017-01-01,2017,1,1,90,NA,NA,NA,NA,NA,NA,NA,NA,NA,0.893053867357495,0.0655991505453558,NA,0.895416067710788,0.605149202052198,NA,1.00591171815897,146.183269748337,NA,0.899976461899333,92.3316761493525,NA,0.999738573270216,0.111023508685432,NA
2017-04-01,2017,4,2,91,NA,NA,NA,NA,NA,NA,NA,NA,NA,1.1568176884187,0.0848366248091884,NA,1.15281232740991,0.776577928980184,NA,1.06803747049725,155.278770949415,NA,1.22284619023141,125.729518556048,NA,1.00013798935813,0.11145831318816,NA
2017-07-01,2017,7,3,92,NA,NA,NA,NA,NA,NA,NA,NA,NA,1.05401361291466,0.0774286169789885,NA,1.05511202647829,0.710720291811303,NA,0.929009586830623,135.330882256262,NA,0.977108118764065,101.145829354895,NA,1.00010767564142,0.111862136357926,NA
2017-10-01,2017,10,4,92,NA,NA,NA,NA,NA,NA,NA,NA,NA,0.895324167482965,0.0658616093714198,NA,0.895898273452351,0.603769053595027,NA,0.996730797480472,145.399342760113,NA,0.898889603638453,93.4745537436829,NA,0.999979778981652,0.112278355745332,NA
2018-01-01,2018,1,1,90,NA,NA,NA,NA,NA,NA,NA,NA,NA,0.887683088916089,0.0654086518927439,NA,0.889885797372792,0.600077277433022,NA,1.00246246470713,146.446155887631,NA,0.892393991033423,93.2678191248047,NA,1.00009595068711,0.112713879518684,NA
2018-04-01,2018,4,2,91,NA,NA,NA,NA,NA,NA,NA,NA,NA,1.16401178948532,0.0860208490575346,NA,1.16012989843283,0.78386677445718,NA,1.07182741663453,156.785685136715,NA,1.23283652974206,129.394349988148,NA,0.99985047529308,0.113097627355462,NA
2018-07-01,2018,7,3,92,NA,NA,NA,NA,NA,NA,NA,NA,NA,1.05407862638429,0.0779369727939734,NA,1.05516255445947,0.712873973684731,NA,0.929140249461605,136.108173737306,NA,0.977800909740834,103.128221184849,NA,1.00003166639898,0.113536329054432,NA
2018-10-01,2018,10,4,92,NA,NA,NA,NA,NA,NA,NA,NA,NA,0.89527298578274,0.0662549648772201,NA,0.895881403575121,0.605080093966212,NA,0.9967233642639,146.234427494971,NA,0.8989634793027,95.3064395864906,NA,1.000000602535,0.113958777819188,NA
2019-01-01,2019,1,1,90,NA,NA,NA,NA,NA,NA,NA,NA,NA,0.893132002005664,0.066154484700479,NA,0.895447820486037,0.604650437784298,NA,1.00645099814571,147.867413295784,NA,0.900849352175456,95.9866778244596,NA,0.999884432547963,0.114371660389947,NA
2019-04-01,2019,4,2,91,NA,NA,NA,NA,NA,NA,NA,NA,NA,1.15697230539265,0.0856836737022457,NA,1.15293277769236,0.777689225173824,NA,1.0675920296244,157.067509230574,NA,1.22112558431563,130.705656539958,NA,1.00009786178214,0.114819577353757,NA
2019-07-01,2019,7,3,92,NA,NA,NA,NA,NA,NA,NA,NA,NA,1.05399015615874,0.0781263556867319,NA,1.05512228489645,0.711735506275134,NA,0.929114886892751,136.889907455795,NA,0.97782697885319,105.14935890952,NA,1.00000620137177,0.115235578676152,NA
2019-10-01,2019,10,4,92,NA,NA,NA,NA,NA,NA,NA,NA,NA,0.895241867921463,0.0664085310064032,NA,0.895843847947472,0.604388538473087,NA,0.996754913604156,147.074319445287,NA,0.899101337785377,97.1742747661032,NA,1.00000157738384,0.115664350050681,NA
2020-01-01,2020,1,1,90,NA,NA,NA,NA,NA,NA,NA,NA,NA,0.893202675686948,0.0663117596570216,NA,0.895505409098846,0.604261146134602,NA,1.00645446805146,148.716685002378,NA,0.90084641622117,97.867848844519,NA,0.9998994187447,0.116083412058084,NA
2020-04-01,2020,4,2,91,NA,NA,NA,NA,NA,NA,NA,NA,NA,1.15690763525116,0.0859841501673242,NA,1.15287751011992,0.778373803921578,NA,1.06758434680976,157.969621017309,NA,1.22104617445936,133.267255904628,NA,1.00009764850768,0.116538032803298,NA
2020-07-01,2020,7,3,92,NA,NA,NA,NA,NA,NA,NA,NA,NA,1.05401538652827,0.0783686164599607,NA,1.05513728578274,0.712373414793814,NA,0.929104793617486,137.676130036975,NA,0.977822564764689,107.210101252703,NA,1.00000016674394,0.116960260239357,NA
2020-10-01,2020,10,4,92,NA,NA,NA,NA,NA,NA,NA,NA,NA,0.895243638221395,0.0665973551143722,NA,0.895856114535634,0.604776519340438,NA,0.996763932480579,147.919035780248,NA,0.89914807335502,99.07871898067,NA,1.00000058265043,0.117395448851453,NA
2021-01-01,2021,1,1,90,NA,NA,NA,NA,NA,NA,NA,NA,NA,0.889704407661328,0.0662200800509379,NA,0.891931046881868,0.602085247327124,NA,1.00398367445851,149.203797207903,NA,0.895610331390238,99.2059908412542,NA,1.00006144110903,0.117839556175362,NA
2021-04-01,2021,4,2,91,NA,NA,NA,NA,NA,NA,NA,NA,NA,1.16146488656253,0.08646152345258,NA,1.15749457308071,0.781100984172337,NA,1.07021003898544,159.267746787775,NA,1.22815547169739,136.673321797091,NA,0.999938084197041,0.118263363724632,NA
2021-07-01,2021,7,3,92,NA,NA,NA,NA,NA,NA,NA,NA,NA,1.05399648308228,0.0784943068258036,NA,1.05512882607422,0.712028070757679,NA,0.929104547576696,138.466868215763,NA,0.977832074743675,109.311230156389,NA,0.999999781995295,0.118710754373026,NA
2021-10-01,2021,10,4,92,NA,NA,NA,NA,NA,NA,NA,NA,NA,0.895240589216728,0.0666976654433788,NA,0.895850459545572,0.604566631916211,NA,0.996764145378585,148.768603737083,NA,0.899156276381955,101.020487102703,NA,1.00000073206464,0.119152456266735,NA
2022-01-01,2022,1,1,90,NA,NA,NA,NA,NA,NA,NA,NA,NA,NA,NA,NA,NA,NA,NA,NA,NA,NA,NA,NA,NA,NA,NA,NA
2022-04-01,2022,4,2,91,NA,NA,NA,NA,NA,NA,NA,NA,NA,NA,NA,NA,NA,NA,NA,NA,NA,NA,NA,NA,NA,NA,NA,NA
2022-07-01,2022,7,3,92,NA,NA,NA,NA,NA,NA,NA,NA,NA,NA,NA,NA,NA,NA,NA,NA,NA,NA,NA,NA,NA,NA,NA,NA
2022-10-01,2022,10,4,92,NA,NA,NA,NA,NA,NA,NA,NA,NA,NA,NA,NA,NA,NA,NA,NA,NA,NA,NA,NA,NA,NA,NA,NA
2023-01-01,2023,1,1,90,NA,NA,NA,NA,NA,NA,NA,NA,NA,NA,NA,NA,NA,NA,NA,NA,NA,NA,NA,NA,NA,NA,NA,NA
2023-04-01,2023,4,2,91,NA,NA,NA,NA,NA,NA,NA,NA,NA,NA,NA,NA,NA,NA,NA,NA,NA,NA,NA,NA,NA,NA,NA,NA
2023-07-01,2023,7,3,92,NA,NA,NA,NA,NA,NA,NA,NA,NA,NA,NA,NA,NA,NA,NA,NA,NA,NA,NA,NA,NA,NA,NA,NA
2023-10-01,2023,10,4,92,NA,NA,NA,NA,NA,NA,NA,NA,NA,NA,NA,NA,NA,NA,NA,NA,NA,NA,NA,NA,NA,NA,NA,NA
2024-01-01,2024,1,1,90,NA,NA,NA,NA,NA,NA,NA,NA,NA,NA,NA,NA,NA,NA,NA,NA,NA,NA,NA,NA,NA,NA,NA,NA
2024-04-01,2024,4,2,91,NA,NA,NA,NA,NA,NA,NA,NA,NA,NA,NA,NA,NA,NA,NA,NA,NA,NA,NA,NA,NA,NA,NA,NA
2024-07-01,2024,7,3,92,NA,NA,NA,NA,NA,NA,NA,NA,NA,NA,NA,NA,NA,NA,NA,NA,NA,NA,NA,NA,NA,NA,NA,NA
2024-10-01,2024,10,4,92,NA,NA,NA,NA,NA,NA,NA,NA,NA,NA,NA,NA,NA,NA,NA,NA,NA,NA,NA,NA,NA,NA,NA,NA
2025-01-01,2025,1,1,90,NA,NA,NA,NA,NA,NA,NA,NA,NA,NA,NA,NA,NA,NA,NA,NA,NA,NA,NA,NA,NA,NA,NA,NA
2025-04-01,2025,4,2,91,NA,NA,NA,NA,NA,NA,NA,NA,NA,NA,NA,NA,NA,NA,NA,NA,NA,NA,NA,NA,NA,NA,NA,NA
2025-07-01,2025,7,3,92,NA,NA,NA,NA,NA,NA,NA,NA,NA,NA,NA,NA,NA,NA,NA,NA,NA,NA,NA,NA,NA,NA,NA,NA
2025-10-01,2025,10,4,92,NA,NA,NA,NA,NA,NA,NA,NA,NA,NA,NA,NA,NA,NA,NA,NA,NA,NA,NA,NA,NA,NA,NA,NA
